<!DOCTYPE hibernate-configuration PUBLIC
	"-//Hibernate/Hibernate Configuration DTD 3.0//EN"
	"http://www.hibernate.org/dtd/hibernate-configuration-3.0.dtd">

<hibernate-configuration>

	<session-factory>
		<property name="connection.driver_class">org.postgresql.Driver</property>
		<property name="connection.url">jdbc:postgresql://localhost:5432/fahrerunterlagen</property>
		<property name="connection.username">postgres</property>
		<property name="connection.password"></property>
		
		<!-- JDBC connection pool (use the build-in) -->
		<property name="connection.pool_size">1</property>
		<!-- SQL dialect -->
		<property name="dialect">org.hibernate.dialect.PostgreSQLDialect</property>
		<property name="cache.provider_class">org.hibernate.cache.HashtableCacheProvider</property>
		<property name="transaction.factory_class">org.hibernate.transaction.JDBCTransactionFactory</property>
		
		<!-- thread is the short name for org.hibernate.context.ThreadLocalSessionContext -->
		<property name="current_session_context_class">thread</property>
		
		<!-- Set "true" to show SQL statements -->
		<property name="hibernate.show_sql">true</property>

		<!-- mapping class using annotation -->
		<mapping class="fahrerunterlagen.daten.Fahrerunterlage"></mapping>
		<mapping class="fahrerunterlagen.daten.Fundzettel"></mapping>
		<mapping class="fahrerunterlagen.daten.Urlaubsantrag"></mapping>
		<mapping class="fahrerunterlagen.daten.Wagenlaufkarte"></mapping>
		<mapping class="fahrerunterlagen.daten.Unterlagentyp"></mapping>
		<mapping class="fahrerunterlagen.daten.Verschmutzungsmeldung"></mapping>
		<mapping class="fahrerunterlagen.daten.Verspaetungsmeldung"></mapping>
		<mapping class="fahrerunterlagen.daten.Linie"></mapping>
		
	</session-factory>

</hibernate-configuration>